{"id":"FontAwesome5Free-Regular","name":"Font Awesome 5 Free Regular", "built_in": true,"icons":[{"name":"heart","unicode":"uf004"},{"name":"star","unicode":"uf005"},{"name":"user","unicode":"uf007"},{"name":"clock","unicode":"uf017"},{"name":"list-alt","unicode":"uf022"},{"name":"flag","unicode":"uf024"},{"name":"bookmark","unicode":"uf02e"},{"name":"image","unicode":"uf03e"},{"name":"edit","unicode":"uf044"},{"name":"times-circle","unicode":"uf057"},{"name":"check-circle","unicode":"uf058"},{"name":"question-circle","unicode":"uf059"},{"name":"eye","unicode":"uf06e"},{"name":"eye-slash","unicode":"uf070"},{"name":"calendar-alt","unicode":"uf073"},{"name":"comment","unicode":"uf075"},{"name":"folder","unicode":"uf07b"},{"name":"folder-open","unicode":"uf07c"},{"name":"chart-bar","unicode":"uf080"},{"name":"comments","unicode":"uf086"},{"name":"star-half","unicode":"uf089"},{"name":"lemon","unicode":"uf094"},{"name":"credit-card","unicode":"uf09d"},{"name":"hdd","unicode":"uf0a0"},{"name":"hand-point-right","unicode":"uf0a4"},{"name":"hand-point-left","unicode":"uf0a5"},{"name":"hand-point-up","unicode":"uf0a6"},{"name":"hand-point-down","unicode":"uf0a7"},{"name":"copy","unicode":"uf0c5"},{"name":"save","unicode":"uf0c7"},{"name":"square","unicode":"uf0c8"},{"name":"envelope","unicode":"uf0e0"},{"name":"lightbulb","unicode":"uf0eb"},{"name":"bell","unicode":"uf0f3"},{"name":"hospital","unicode":"uf0f8"},{"name":"plus-square","unicode":"uf0fe"},{"name":"circle","unicode":"uf111"},{"name":"smile","unicode":"uf118"},{"name":"frown","unicode":"uf119"},{"name":"meh","unicode":"uf11a"},{"name":"keyboard","unicode":"uf11c"},{"name":"calendar","unicode":"uf133"},{"name":"play-circle","unicode":"uf144"},{"name":"minus-square","unicode":"uf146"},{"name":"check-square","unicode":"uf14a"},{"name":"share-square","unicode":"uf14d"},{"name":"compass","unicode":"uf14e"},{"name":"caret-square-down","unicode":"uf150"},{"name":"caret-square-up","unicode":"uf151"},{"name":"caret-square-right","unicode":"uf152"},{"name":"file","unicode":"uf15b"},{"name":"file-alt","unicode":"uf15c"},{"name":"thumbs-up","unicode":"uf164"},{"name":"thumbs-down","unicode":"uf165"},{"name":"sun","unicode":"uf185"},{"name":"moon","unicode":"uf186"},{"name":"caret-square-left","unicode":"uf191"},{"name":"dot-circle","unicode":"uf192"},{"name":"building","unicode":"uf1ad"},{"name":"file-pdf","unicode":"uf1c1"},{"name":"file-word","unicode":"uf1c2"},{"name":"file-excel","unicode":"uf1c3"},{"name":"file-powerpoint","unicode":"uf1c4"},{"name":"file-image","unicode":"uf1c5"},{"name":"file-archive","unicode":"uf1c6"},{"name":"file-audio","unicode":"uf1c7"},{"name":"file-video","unicode":"uf1c8"},{"name":"file-code","unicode":"uf1c9"},{"name":"life-ring","unicode":"uf1cd"},{"name":"paper-plane","unicode":"uf1d8"},{"name":"futbol","unicode":"uf1e3"},{"name":"newspaper","unicode":"uf1ea"},{"name":"bell-slash","unicode":"uf1f6"},{"name":"copyright","unicode":"uf1f9"},{"name":"closed-captioning","unicode":"uf20a"},{"name":"object-group","unicode":"uf247"},{"name":"object-ungroup","unicode":"uf248"},{"name":"sticky-note","unicode":"uf249"},{"name":"clone","unicode":"uf24d"},{"name":"hourglass","unicode":"uf254"},{"name":"hand-rock","unicode":"uf255"},{"name":"hand-paper","unicode":"uf256"},{"name":"hand-scissors","unicode":"uf257"},{"name":"hand-lizard","unicode":"uf258"},{"name":"hand-spock","unicode":"uf259"},{"name":"hand-pointer","unicode":"uf25a"},{"name":"hand-peace","unicode":"uf25b"},{"name":"registered","unicode":"uf25d"},{"name":"calendar-plus","unicode":"uf271"},{"name":"calendar-minus","unicode":"uf272"},{"name":"calendar-times","unicode":"uf273"},{"name":"calendar-check","unicode":"uf274"},{"name":"map","unicode":"uf279"},{"name":"comment-alt","unicode":"uf27a"},{"name":"pause-circle","unicode":"uf28b"},{"name":"stop-circle","unicode":"uf28d"},{"name":"handshake","unicode":"uf2b5"},{"name":"envelope-open","unicode":"uf2b6"},{"name":"address-book","unicode":"uf2b9"},{"name":"address-card","unicode":"uf2bb"},{"name":"user-circle","unicode":"uf2bd"},{"name":"id-badge","unicode":"uf2c1"},{"name":"id-card","unicode":"uf2c2"},{"name":"window-maximize","unicode":"uf2d0"},{"name":"window-minimize","unicode":"uf2d1"},{"name":"window-restore","unicode":"uf2d2"},{"name":"snowflake","unicode":"uf2dc"},{"name":"trash-alt","unicode":"uf2ed"},{"name":"images","unicode":"uf302"},{"name":"clipboard","unicode":"uf328"},{"name":"arrow-alt-circle-down","unicode":"uf358"},{"name":"arrow-alt-circle-left","unicode":"uf359"},{"name":"arrow-alt-circle-right","unicode":"uf35a"},{"name":"arrow-alt-circle-up","unicode":"uf35b"},{"name":"gem","unicode":"uf3a5"},{"name":"money-bill-alt","unicode":"uf3d1"},{"name":"window-close","unicode":"uf410"},{"name":"comment-dots","unicode":"uf4ad"},{"name":"smile-wink","unicode":"uf4da"},{"name":"angry","unicode":"uf556"},{"name":"dizzy","unicode":"uf567"},{"name":"flushed","unicode":"uf579"},{"name":"frown-open","unicode":"uf57a"},{"name":"grimace","unicode":"uf57f"},{"name":"grin","unicode":"uf580"},{"name":"grin-alt","unicode":"uf581"},{"name":"grin-beam","unicode":"uf582"},{"name":"grin-beam-sweat","unicode":"uf583"},{"name":"grin-hearts","unicode":"uf584"},{"name":"grin-squint","unicode":"uf585"},{"name":"grin-squint-tears","unicode":"uf586"},{"name":"grin-stars","unicode":"uf587"},{"name":"grin-tears","unicode":"uf588"},{"name":"grin-tongue","unicode":"uf589"},{"name":"grin-tongue-squint","unicode":"uf58a"},{"name":"grin-tongue-wink","unicode":"uf58b"},{"name":"grin-wink","unicode":"uf58c"},{"name":"kiss","unicode":"uf596"},{"name":"kiss-beam","unicode":"uf597"},{"name":"kiss-wink-heart","unicode":"uf598"},{"name":"laugh","unicode":"uf599"},{"name":"laugh-beam","unicode":"uf59a"},{"name":"laugh-squint","unicode":"uf59b"},{"name":"laugh-wink","unicode":"uf59c"},{"name":"meh-blank","unicode":"uf5a4"},{"name":"meh-rolling-eyes","unicode":"uf5a5"},{"name":"sad-cry","unicode":"uf5b3"},{"name":"sad-tear","unicode":"uf5b4"},{"name":"smile-beam","unicode":"uf5b8"},{"name":"surprise","unicode":"uf5c2"},{"name":"tired","unicode":"uf5c8"}]}